fecha,maquina,operario,descripcion,Solution_proposed,presiones_tp2,presiones_tp3,presiones_h1,presiones_dv,presiones_r,senales_electricas_comp,senales_electricas_dv_electric,senales_electricas_towers,senales_electricas_mpg,senales_electricas_lps,senales_electricas_pressure_switch,senales_electricas_oil_level,corriente_motor,temperatura_aceite,criticidad,tiempo_reparacion,coste_estimado
2026-06-01T20:29:32.231+02:00,MetroPT3,Victor,Motor de la máquina MetroPT3 falla y deja de funcionar debido a presiones anormales.,"Given the response from the manual search tool, we need to infer some meanings based on common industrial terminology and sensor names:  - TP2 likely refers to a pressure sensor. - TP3 also likely refers to another pressure sensor. - H1 could be referring to an oil temperature or level sensor.  The ruido extraño (strange noise) is related to the motor failing, which suggests there might be issues with the motor itself. The machine stops working and has no consumption, indicating a complete failure of the system.  Based on this information, we can classify the problem as **High** (Alta), since it involves a critical component like the motor stopping completely without any warning or recovery mechanism.  For the solution, I would need to consult further in the manual for specific troubleshooting steps related to these pressure readings and motor failure. However, based on common industrial practices, we might look into checking the motor's power supply, inspecting the motor itself for physical damage, and ensuring all connections are secure.  Let's proceed with a high classification, as this is likely a critical issue that needs immediate attention:  Clasificación: [Alta] Tiempo Estimado: [X] horas Coste Estimado: [X] € Datos_Maquina: MetroPT3 Datos_Operario: Victor Datos_Descripcion: Motor de la máquina MetroPT3 falla y deja de funcionar debido a presiones anormales. Datos_TP2: 2 Datos_TP3: 7 Datos_H1: 8 Datos_Temperatura_Aceite: 80  Please consult the manual for specific troubleshooting steps.",2,7,8,2,2,2,2,2,2,2,2,2,2,80,Alta,3,3﻿fecha,maquina,operario,descripcion,Solution_proposed,presiones_tp2,presiones_tp3,presiones_h1,presiones_dv,presiones_r,senales_electricas_comp,senales_electricas_dv_electric,senales_electricas_towers,senales_electricas_mpg,senales_electricas_lps,senales_electricas_pressure_switch,senales_electricas_oil_level,corriente_motor,temperatura_aceite,criticidad,tiempo_reparacion,coste_estimado
2026-06-01T20:53:39.704+02:00,MetroPT3,Victor,La máquina MetroPT3 se apaga sin razón aparente y no tiene corriente.,"Given the information provided and the search results from the manual, there is no specific reference to a riddle or unusual noise related to TP2, TP3, and H1 pressures. Let's proceed with the analysis based on the other available data.  Clasificación: [Alta] Tiempo Estimado: 0 horas Coste Estimado: 0 € Datos_Maquina: MetroPT3 Datos_Operario: Victor Datos_Descripcion: La máquina MetroPT3 se apaga sin razón aparente y no tiene corriente. Datos_TP2: 8 Datos_TP3: 9 Datos_H1: 8 Datos_R: 0 Datos_Comp: 0 Datos_DV_Electric: 0 Datos_Towers: 0 Datos_MPG: 0 Datos_LPS: 0 Datos_Pressure_Switch: 0 Datos_Oil_Level: 0 Datos_Corriente_Motor: 0 Datos_Temperatura_Aceite: 80  The machine is shutting down without apparent reason and there's no current. The pressures are within normal ranges, but the lack of current indicates a potential issue with power supply or motor operation.  Given that we have identified a critical failure (no current), it suggests a safety concern where the machine might be in an unsafe state if not addressed promptly. Therefore, this is classified as **Alta** priority.  Since there are no specific references to unusual noises related to TP2, TP3 and H1 pressures, I will proceed with a preventive maintenance check on the motor and power supply system. This includes checking for any loose connections or faulty components that could be causing the issue.  Let's schedule an intervention within 0 hours as immediate action is needed due to the lack of current. The cost estimate remains at **0 €** since this appears to be a straightforward troubleshooting task rather than requiring expensive repairs.  ---  Datos_Maquina: MetroPT3 Datos_Operario: Victor Datos_Descripcion: La máquina MetroPT3 se apaga sin razón aparente y no tiene corriente. Datos_TP2: 8 Datos_TP3: 9 Datos_H1: 8 Datos_R: 0 Datos_Comp: 0 Datos_DV_Electric: 0 Datos_Towers: 0 Datos_MPG: 0 Datos_LPS: 0 Datos_Pressure_Switch: 0 Datos_Oil_Level: 0 Datos_Corriente_Motor: 0 Datos_Temperatura_Aceite: 80",8,9,8,2,0,0,0,0,0,0,0,0,0,80,Alta,0,0﻿fecha,maquina,operario,descripcion,Solution_proposed,presiones_tp2,presiones_tp3,presiones_h1,presiones_dv,presiones_r,senales_electricas_comp,senales_electricas_dv_electric,senales_electricas_towers,senales_electricas_mpg,senales_electricas_lps,senales_electricas_pressure_switch,senales_electricas_oil_level,corriente_motor,temperatura_aceite,criticidad,tiempo_reparacion,coste_estimado
2026-06-01T21:15:09.716+02:00,MetroPT3,victor romero,"Maquina apagada, no se enciende, parece que sale humo.","Clasificación: [Alta] Tiempo Estimado: 0 horas Coste Estimado: 0 € Datos_Maquina: MetroPT3 Datos_Operario: victor romero Datos_Descripcion: Maquina apagada, no se enciende, parece que sale humo. Datos_TP2: 4 Datos_TP3: 3 Datos_H1: 4 Datos_DV: 0 Datos_R: 0 Datos_Comp: 0 Datos_DV_Electric: 0 Datos_Towers: 0 Datos_MPG: 0 Datos_LPS: 0 Datos_Pressure_Switch: 0 Datos_Oil_Level: 0 Datos_Corriente_Motor: 0 Datos_Temperatura_Aceite: 80  Contacta con el servicio técnico o al fabricante del equipo para obtener asistencia.",4,3,4,0,0,0,0,0,0,0,0,0,0,80,Alta,0,0﻿fecha,maquina,operario,descripcion,Solution_proposed,presiones_tp2,presiones_tp3,presiones_h1,presiones_dv,presiones_r,senales_electricas_comp,senales_electricas_dv_electric,senales_electricas_towers,senales_electricas_mpg,senales_electricas_lps,senales_electricas_pressure_switch,senales_electricas_oil_level,corriente_motor,temperatura_aceite,criticidad,tiempo_reparacion,coste_estimado
2026-06-01T22:22:16.808+02:00,MetroPT3,Victor Romero Rompedor,"La máquina parece que va lenta y no acaba de subir la presión, con ruido extraño.","Clasificación: [Baja] Tiempo Estimado: 0 horas Coste Estimado: 0 € Datos_Maquina: MetroPT3 Datos_Operario: Victor Romero Rompedor Datos_Descripcion: La máquina parece que va lenta y no acaba de subir la presión, con ruido extraño. Datos_TP2: 4 Datos_TP3: 3 Datos_H1: 5 Datos_DV: 0 Datos_R: 0 Datos_Comp: 0 Datos_DV_Electric: 0 Datos_Towers: 0 Datos_MPG: 0 Datos_LPS: 0 Datos_Pressure_Switch: 0 Datos_Oil_Level: 0 Datos_Corriente_Motor: 0 Datos_Temperatura_Aceite: 40  Por favor, reportar este ruido extraño al equipo de mantenimiento para su evaluación. Si persiste, se podría considerar una intervención preventiva o técnica si el sistema comienza a afectar la operatividad del sistema.",4,3,5,0,0,0,0,0,0,0,0,0,0,40,Baja,0,0﻿fecha,maquina,operario,descripcion,Solution_proposed,presiones_tp2,presiones_tp3,presiones_h1,presiones_dv,presiones_r,senales_electricas_comp,senales_electricas_dv_electric,senales_electricas_towers,senales_electricas_mpg,senales_electricas_lps,senales_electricas_pressure_switch,senales_electricas_oil_level,corriente_motor,temperatura_aceite,criticidad,tiempo_reparacion,coste_estimado
2026-06-01T22:46:42.580+02:00,"It seems that the 'buscador_manual' tool did not find relevant information for the symptoms described (ruido extraño) combined with the specific pressures provided (TP2=5 bar, TP3=3 bar, H1=4 bar). Let's try to refine our search by extracting a core symptom from the data and searching using that.","It seems that the 'buscador_manual' tool did not find relevant information for the symptoms described (ruido extraño) combined with the specific pressures provided (TP2=5 bar, TP3=3 bar, H1=4 bar). Let's try to refine our search by extracting a core symptom from the data and searching using that.","It seems that the 'buscador_manual' tool did not find relevant information for the symptoms described (ruido extraño) combined with the specific pressures provided (TP2=5 bar, TP3=3 bar, H1=4 bar). Let's try to refine our search by extracting a core symptom from the data and searching using that.","It seems that the 'buscador_manual' tool did not find relevant information for the symptoms described (ruido extraño) combined with the specific pressures provided (TP2=5 bar, TP3=3 bar, H1=4 bar). Let's try to refine our search by extracting a core symptom from the data and searching using that.  The core symptom here could be ""ruido extraño"". We will use this as input for the 'buscador_manual' tool.   Calling buscador_manual with input: {""input"":""ruido extraño"",""id"":""8b26bf78-134a-4891-b1f3-8c209340dd56""}",2,2,2,2,2,2,2,2,2,2,2,2,2,2,Baja,2,2﻿fecha,maquina,operario,descripcion,Solution_proposed,presiones_tp2,presiones_tp3,presiones_h1,presiones_dv,presiones_r,senales_electricas_comp,senales_electricas_dv_electric,senales_electricas_towers,senales_electricas_mpg,senales_electricas_lps,senales_electricas_pressure_switch,senales_electricas_oil_level,corriente_motor,temperatura_aceite,criticidad,tiempo_reparacion,coste_estimado
2026-06-02T18:45:12.985+02:00,MetroPT3,victor romero,"""La máquina hace un ruido extraño con presión TP2 de 1 bar, TP3 de 1 bar y H1 de 3 bar""","Clasificación: [Baja] Tiempo Estimado: [2] Coste Estimado: [90] Datos_Maquina: MetroPT3 Datos_Operario: victor romero Datos_Descripcion: ""La máquina hace un ruido extraño con presión TP2 de 1 bar, TP3 de 1 bar y H1 de 3 bar"" Datos_TP2: 1 Datos_TP3: 1 Datos_H1: 3  Como la herramienta 'buscador_manual' no encontró información específica sobre un ruido extraño con las presiones proporcionadas, se ha determinado que la clasificación es Baja. No hay datos exactos para estimar el tiempo y coste de solución. Por lo tanto, se asume 2 horas y 90€ como coste aproximado.  Datos_TP2: 1 Datos_TP3: 1 Datos_H1: 3",1,1,3,2,2,2,2,2,2,2,2,2,2,2,Baja,2,90﻿fecha,maquina,operario,descripcion,Solution_proposed,presiones_tp2,presiones_tp3,presiones_h1,presiones_dv,presiones_r,senales_electricas_comp,senales_electricas_dv_electric,senales_electricas_towers,senales_electricas_mpg,senales_electricas_lps,senales_electricas_pressure_switch,senales_electricas_oil_level,corriente_motor,temperatura_aceite,criticidad,tiempo_reparacion,coste_estimado
2026-06-02T19:46:21.537+02:00,MetroPT3,victor romero,"""La máquina hace ruidos raros y no consume energía""","Clasificación: Baja Tiempo Estimado: 2 horas Coste Estimado: 90 €  Datos_Maquina: MetroPT3 Datos_Operario: victor romero Datos_Descripcion: ""La máquina hace ruidos raros y no consume energía"" Datos_TP2: 3 Datos_TP3: 4 Datos_H1: 5 Datos_Temperatura_Aceite: 50  # Datos_Maquina: MetroPT3 # Datos_Operario: victor romero # Datos_Descripcion: ""La máquina hace ruidos raros y no consume energía"" # Datos_TP2: 3 # Datos_TP3: 4 # Datos_H1: 5 # Datos_Temperatura_Aceite: 50",3,4,5,2,2,2,2,2,2,2,2,2,2,50,Baja,2,90﻿fecha,maquina,operario,descripcion,Solution_proposed,presiones_tp2,presiones_tp3,presiones_h1,presiones_dv,presiones_r,senales_electricas_comp,senales_electricas_dv_electric,senales_electricas_towers,senales_electricas_mpg,senales_electricas_lps,senales_electricas_pressure_switch,senales_electricas_oil_level,corriente_motor,temperatura_aceite,criticidad,tiempo_reparacion,coste_estimado
2026-06-02T20:01:07.027+02:00,MetroPT3,Operario No Identificado,"Incidencia de ruido extraño en la máquina MetroPT3 con presiones TP2, TP3 y H1 a cero.","Clasificación: [Alta/Media/Baja] Tiempo Estimado: 2 Coste Estimado: 90  Datos_Maquina: MetroPT3 Datos_Operario: Operario No Identificado Datos_Descripcion: Incidencia de ruido extraño en la máquina MetroPT3 con presiones TP2, TP3 y H1 a cero. Datos_TP2: 0 Datos_TP3: 0 Datos_H1: 0 Datos_DV: 0 Datos_R: 0 Datos_Comp: 0 Datos_DV_Electric: 0 Datos_Towers: 0 Datos_MPG: 0 Datos_LPS: 0 Datos_Pressure_Switch: 0 Datos_Oil_Level: 0 Datos_Corriente_Motor: 0 Datos_Temperatura_Aceite: 0  # Datos obtenidos del análisis de la información proporcionada y búsqueda en el manual: - No hay información específica sobre ruidos con presiones TP2, TP3 y H1 a cero. - Se recomienda revisar las señales eléctricas o buscar documentación técnica relacionada para obtener una respuesta más precisa.  Datos_Maquina: MetroPT3 Datos_Operario: Operario No Identificado Datos_Descripcion: Incidencia de ruido extraño en la máquina MetroPT3 con presiones TP2, TP3 y H1 a cero.",0,0,0,0,0,0,0,0,0,0,0,0,0,0,Alta,2,90﻿fecha,maquina,operario,descripcion,Solution_proposed,presiones_tp2,presiones_tp3,presiones_h1,presiones_dv,presiones_r,senales_electricas_comp,senales_electricas_dv_electric,senales_electricas_towers,senales_electricas_mpg,senales_electricas_lps,senales_electricas_pressure_switch,senales_electricas_oil_level,corriente_motor,temperatura_aceite,criticidad,tiempo_reparacion,coste_estimado
2026-06-02T21:41:46.765+02:00,MetroPT3,victor romero,"""La máquina hace ruido extraño y parece no consumir energía""","Clasificación: Baja Tiempo Estimado: 2 horas Coste Estimado: 90 €  Datos_Maquina: MetroPT3 Datos_Operario: victor romero Datos_Descripcion: ""La máquina hace ruido extraño y parece no consumir energía"" Datos_TP2: 5 Datos_TP3: 4 Datos_H1: 3 Datos_Temperatura_Aceite: 50  # Datos_Maquina: MetroPT3 # Datos_Operario: victor romero # Datos_Descripcion: ""La máquina hace ruido extraño y parece no consumir energía"" # Datos_TP2: 5 # Datos_TP3: 4 # Datos_H1: 3 # Datos_Temperatura_Aceite: 50",5,4,3,2,2,2,2,2,2,2,2,2,2,50,Baja,2,90﻿fecha,maquina,operario,descripcion,Solution_proposed,presiones_tp2,presiones_tp3,presiones_h1,presiones_dv,presiones_r,senales_electricas_comp,senales_electricas_dv_electric,senales_electricas_towers,senales_electricas_mpg,senales_electricas_lps,senales_electricas_pressure_switch,senales_electricas_oil_level,corriente_motor,temperatura_aceite,criticidad,tiempo_reparacion,coste_estimado
2026-06-02T22:06:25.362+02:00,MetroPT3,Juan Pérez,"Incidencia de ruido extraño en la máquina MFG1234 con presiones TP2=150 bar, TP3=180 bar y H1=90 bar.","Clasificación: Baja Tiempo Estimado: 2 horas Coste Estimado: 90 €  Datos_Maquina: MetroPT3 Datos_Operario: Juan Pérez Datos_Descripcion: Incidencia de ruido extraño en la máquina MFG1234 con presiones TP2=150 bar, TP3=180 bar y H1=90 bar. Datos_TP2: 150 Datos_TP3: 180 Datos_H1: 90  Por favor, proporciona más detalles sobre el ruido para poder determinar la clasificación de la incidencia.",150,180,90,2,2,2,2,2,2,2,2,2,2,2,Baja,2,90